Абдуллін О.Р.,1
Аваков А.Б.,2
Аверченко С.М.,3
Агафонова Н.В.,4
Азаров О.М.,5
Алексєєв І.В.,6
Андрієвський Д.Й.,7
Апостол М.В.,8
Ар’єв В.І.,9
Аркаллаєв Н.Г.,10
Атрошенко В.А.,11
Бабич В.В.,12
Баграєв М.Г.,13
Байдюк Л.М.,14
Байсаров Л.В.,15
Баландін С.В.,16
Балицький Є.В.,17
Балога В.І.,19
Балога П.І.,18
Бандуров В.В.,20
Барвіненко В.Д.,21
Бахтеєва Т.Д.,22
Безбах Я.Я.,23
Бенюк Б.М.,24
Бережна І.Г.,25
Березкін С.С.,26
Бєлькова О.В.,27
Бідьовка В.А.,28
Білий О.П.,29
Біловол О.М.,30
Блавацький М.В.,31
Благодир Ю.А.,32
Близнюк А.М.,33
Бобков О.М.,34
Бобов Г.Б.,35
Богословська І.Г.,36
Богуслаєв В.О.,37
Бойко В.Б.,38
Бойко В.С.,39
Бондар В.В.,40
Бондаренко В.Д.,41
Бондаренко О.А.,42
Бондарєв К.А.,43
Борита О.В.,44
Борт В.П.,45
Боярський Ю.І.,46
Брайко С.Б.,47
Бригинець О.М.,48
Бриченко І.В.,49
Бублик Ю.В.,50
Бурбак М.Ю.,51
Буряк С.В.,52
Бутківський В.В.,53
Буховець О.Ю.,54
Бушко І.І.,55
Ванзуряк Р.С.,56
Васадзе Т.Ш.,57
Васильєв Г.А.,58
Васильєв О.А.,59
Васюник І.В.,60
Ващук К.Т.,61
Вечерко В.М.,62
Вітів А.М.,63
Вознюк Ю.В.,64
Волков О.А.,65
Волков О.М.,66
Воропаєв Ю.М.,67
Гайдош І.Ф.,68
Гелевей О.І.,69
Герасимчук М.І.,70
Геращенко І.В.,71
Герега О.В.,72
Гержов Ю.І.,73
Герман Г.М.,74
Гєллєр Є.Б.,75
Гінка Я.Я.,76
Гіршфельд А.М.,77
Гладій В.І.,78
Глазунов С.М.,79
Головко В.А.,80
Головко М.Й.,81
Голуб О.В.,
Гончаров А.Д.,83
Гончаров С.В.,84
Гордієнко С.В.,85
Горіна І.А.,86
Горохов С.О.,87
Гриневецький С.Р.,88
Гриневич Л.М.,89
Гриценко А.С.,90
Груба Г.І.,91
Грушевський В.А.,92
Губар В.І.,93
Гузенко К.О.,94
Гурвіц Е.Й.,95
Данілов В.Б.,96
Дейч Б.Д.,97
Демидко В.М.,98
Демішкан В.Ф.,99
Демянко М.І.,100
Денисенко А.П.,101
Денісова Л.Л.,102
Дерев’янко Ю.Б.,103
Деревляний В.Т.,104
Деркач А.Л.,105
Джемілєв М. .,106
Джига М.В.,107
Дзарданов М.С.,108
Дзензерський Д.В.,109
Дзоз В.О.,110
Дирів А.Б.,111
Дмитрук М.І.,112
Добкін Д.М.,113
Долженков О.В.,114
Домбровський О.Г.,115
Донець Т.А.,116
Доній О.С.,117
Дорохов А.М.,118
Дубіль В.О.,119
Дубневич Я.В.,120
Дубовой О.Ф.,121
Дудка В.В.,122
Дудка О.І.,123
Дунаєв С.В.,124
Єгоров О.М.,125
Єдін О.Й.,126
Ємець Л.О.,127
Єремеєв І.М.,128
Єфремов О.С.,129
Жванія Д.В.,130
Жеваго К.В.,131
Жеребнюк В.М.,132
Жук М.В.,133
Журавський В.С.,134
Забзалюк Р.О.,135
Заболотний Г.М.,136
Задорожний В.К.,137
Зарубінський О.О.,138
Зац О.В.,139
Звягільський Ю.Л.,140
Зелик Р.Б.,141
Зубик В.В.,142
Зубко Г.Г.,143
Зубчевський О.П.,144
Іванчук А.В.,145
Іванющенко Ю.В.,146
Івахів С.П.,147
Ілик Р.Р.,148
Іллєнко А.Ю.,149
Ільюк А.О.,150
Іонова М.М.,151
Іоффе Ю.Я.,152
Іщенко В.О.,153
Кайда О.П.,154
Калетник О.М.,155
Калетнік Г.М.,156
Калєтнік І.Г.,157
Кальцев С.Ф.,159
Кальченко В.М.,160
Калюжний В.А.,158
Канівець О.Л.,161
Каплін С.М.,162
Карпунцов В.В.,163
Карташов Є.Г.,164
Катеринчук М.Д.,165
Кацуба В.М.,166
Кацуба С.В.,167
Кий С.В.,168
Кириленко В’.А.,169
Кириленко І.Г.,170
Кириленко П.В.,171
Ківалов С.В.,172
Кілінкаров С.П.,173
Кінах А.К.,174
Кіссе А.І.,175
Кличко В.В.,176
Клімов Л.М.,177
Клюєв С.П.,178
Княжицький М.Л.,179
Князевич Р.П.,180
Коваль О.І.,181
Ковальчук В.А.,182
Ковач В.І.,183
Кожем’якін А.А.,184
Козуб О.А.,185
Колесніков Б.В.,186
Колесніченко В.В.,187
Кондратюк О.К.,188
Корж П.П.,189
Коржев А.Л.,190
Корнійчук О.О.,191
Королюк В.А.,192
Котеляк Л.Л.,193
Кошулинський Р.В.,194
Кравчук В.П.,195
Кривецький І.І.,196
Крук Ю.Б.,197
Кубів С.І.,198
Кудря В.І.,199
Кужель О.В.,200
Кузьменко С.А.,201
Кузьмук О.І.,202
Кулініч О.І.,203
Куніцин С.В.,204
Кунченко О.П.,205
Купрейчик І.В.,206
Купчак В.Р.,207
Куренной В.К.,208
Куровський І.І.,209
Курпіль С.В.,210
Кутовий В.Г.,211
Кутовий Т.В.,212
Кучерук М.Г.,213
Лабазюк С.П.,214
Лабунська А.В.,215
Ландик В.І.,216
Ланьо М.І.,217
Левченко М.О.,218
Левченко О.В.,219
Лелюк О.В.,220
Леонов Е.В.,221
Литвин В.М.,222
Литвинов Л.Ф.,223
Лук’янов В.В.,224
Лук’янчук Р.В.,225
Лукашук О.Г.,226
Лунченко В.В.,227
Луценко І.С.,228
Льовочкіна Ю.В.,233
Любоненко Ю.В.,229
Лютікова В.І.,230
Ляпіна К.М.,231
Ляшко О.В.,232
Макеєнко В.В.,234
Малишев В.С.,235
Мальцев В.О.,236
Марков І.О.,237
Мармазов Є.В.,238
Мартиненко М.В.,239
Мартинюк А.І.,240
Мартинюк Л.С.,241
Мартиняк С.В.,242
Мартовицький А.В.,243
Марцінків Р.Р.,244
Матвєєв В.Г.,245
Матвієнков С.А.,246
Матіос М.В.,247
Махніцький О.І.,248
Медуниця О.В.,249
Медяник В.Ю.,250
Мельник Є.І.,251
Мельник С.А.,252
Мельниченко В.В.,253
Мельничук Л.Ю.,254
Миримський Л.Ю.,255
Мирний І.М.,256
Мирний О.Б.,257
Мироненко М.І.,258
Мисик В.Ю.,259
Михайленко О.Д.,260
Михальчишин Ю.А.,261
Мірошниченко І.М.,262
Мірошниченко Ю.Р.,263
Міщенко А.М.,264
Міщенко С.Г.,265
Молоток І.Ф.,266
Момот О.І.,267
Морозенко Є.В.,268
Москаленко Я.М.,269
Москаль Г.Г.,270
Мохник А.В.,271
Мочков О.Б.,272
Мошак С.М.,273
Мошенський В.З.,274
Мураєв Є.В.,275
Мхітарян Н.М.,276
Наконечний В.Л.,277
Наливайченко В.О.,278
Негой Ф.Ф.,279
Немиря Г.М.,280
Немілостівий В.О.,281
Нетецька О.А.,282
Нечаєв О.І.,283
Ничипоренко В.М.,284
Новак Н.В.,285
Одарченко Ю.В.,286
Олійник В.М.,287
Омельченко В.П.,288
Омельянович Д.С.,289
Онищенко О.Р.,290
Опанащенко М.В.,291
Оробець Л.Ю.,292
Остапчук В.М.,293
Осуховський О.І.,294
Павелко А.В.,295
Павленко Р.М.,296
Павлов К.Ю.,297
Павловський А.М.,298
Пазиняк В.С.,299
Паламарчук М.П.,300
Палатний А.Л.,301
Палиця І.П.,302
Панькевич О.І.,303
Парасків О.Д.,304
Парубій А.В.,305
Парубок О.Н.,306
Пацкан В.В.,307
Пашинський С.В.,308
Петренко П.Д.,309
Петьовка В.В.,310
Пехов В.А.,311
Пилипенко В.П.,312
Пинзеник В.М.,313
Писаренко В.В.,314
Пишний А.Г.,315
Пінчук А.П.,316
Побер І.М.,317
Повалій Т.М.,318
Полочанінов В.Г.,319
Поляков В.Л.,320
Поляченко Ю.В.,321
Пономарьов А.В.,322
Пономарьов О.С.,323
Попеску І.В.,324
Порошенко П.О.,325
Пресман О.С.,326
Пригодський А.В.,327
Присяжнюк О.А.,328
Продан О.П.,329
Продивус В.С.,330
Путілов А.С.,331
Пшонка А.В.,332
Развадовський В.Й.,333
Раупов Р.Б.,334
Рибак В.В.,335
Рибаков І.О.,336
Риженков О.М.,337
Різаненко П.О.,338
Розенко П.В.,339
Романюк Р.С.,340
Рудьковський М.М.,341
Рябікін П.Б.,342
Сабій І.М.,343
Савчук Ю.П.,344
Сальдо В.В.,345
Самойленко В.П.,346
Самойленко Ю.П.,347
Сас С.В.,348
Святаш Д.В.,349
Селіваров А.Б.,350
Семенюк А.О.,351
Сенченко А.В.,352
Сергієнко Л.Г.,353
Сех І.І.,354
Симоненко П.М.,355
Сиротюк О.М.,356
Сиротюк Ю.М.,357
Сич О.М.,358
Сігал Є.Я.,359
Сікора О.М.,360
Скарбовійчук Р.В.,361
Скосар І.Є.,362
Скубашевський С.В.,363
Слюз Т.Я.,364
Смітюх Г.Є.,365
Соболєв С.В.,366
Солошенко М.П.,367
Сольвар Р.М.,368
Сорока М.П.,369
Спіріна І.Д.,370
Стаднійчук Р.В.,371
Стець Ю.Я.,372
Стойко І.М.,373
Стоян О.М.,374
Струк В.О.,375
Ступак І.І.,376
Сухий Я.М.,377
Сушкевич В.М.,378
Табалов А.О.,379
Табалов О.М.,380
Табачнік Я.П.,381
Тарасюк Б.І.,382
Тедеєв Е.С.,383
Терьохін С.А.,384
Тимошенко В.А.,385
Тихонов В.М.,386
Тігіпко С.Л.,387
Ткачук Г.В.,388
Томенко М.В.,389
Топалов С.В.,390
Труханов Г.Л.,391
Турманов В.І.,392
Турчинов О.В.,393
Тягнибок А.Я.,394
Тягнибок О.Я.,395
Фабрикант С.С.,396
Фаєрмарк С.О.,397
Фаріон І.Д.,398
Федорук М.Т.,399
Федорчук Я.П.,400
Федоряк Г.Д.,401
Фельдман О.Б.,402
Фищук О.Г.,403
Фурсін І.Г.,404
Ханенко С.М.,405
Хмельницький В.І.,406
Хміль М.М.,407
Хомутиннік В.Ю.,408
Царьов О.А.,409
Цибенко П.С.,410
Циркін І.М.,411
Чернега Р.Т.,412
Черняков В.В.,413
Чертков Ю.Д.,414
Чечетов М.В.,415
Чорноволенко О.В.,416
Чуб В.Є.,417
Чугунніков В.С.,418
Чудновський В.О.,419
Чумак В.В.,420
Шаблатович О.М.,421
Шаповалов Ю.А.,422
Шаров І.Ф.,423
Шатворян В.Г.,424
Швайка І.О.,425
Швець В.Д.,426
Шевченко А.В.,427
Шевченко О.О.,428
Шенцев Д.О.,429
Шипко А.Ф.,430
Шкварилюк В.В.,431
Шкіря І.М.,432
Шлемко Д.В.,433
Шпенов Д.Ю.,434
Шугало Р.В.,435
Шульга В.П.,436
Шуфрич Н.І.,437
Щербань А.В.,438
Яворівський В.О.,439
Янків І.Т.,440
Янукович В.В.,441
Ярема В.Г.,442
Яценко А.В.,443
Яценюк А.П.,444
Бадаєв Р.Г.,1853
Богдан Р.Д.,1887
Бондарчук О.В.,1863
Булах В.В.,12
Власенко С.В.,1867
Ганчуков О.К.,1885
Гринів І.О.,1859
Даценко Л.М.,1851
Демедюк В.Х.,1849
Іляшенко В.В.,1888
Колганова О.В.,1861
Круглов М.П.,1850
Крутій В.І.,1868
Ледовських О.В.,1858
Лопачак М.Р.,1865
Макул Л.Я.,1857
Меріков В.І.,1855
Новинський В.В.,445
Осауленко Т.В.,1864
Пилипишин В.П.,1852
Поплавський М.М.,1854
Ревенко А.Д.,1866
Фірсов Є.П.,1886
Фурман О.Ю.,1862
Чорна Г.М.,1869
Чубатенко О.М.,1860
Шевченко О.Л.,1889
Шевчук О.Б.,1856
